________UID________,_______Program_______,_____Program_POC_____,Technical_POC,Code,DEPT,Sponsor,SCC_Network_Activity_Number,PRNumber,Budget_Structure_Number,Funding_Document,TPS_Number,FY_APPN,________________Description_of_Effort________________,Allocation,Amount_Provided,Date_Provided to TPOC,Committed,Obligated,Costed,Unobligated, Unexecuted ,Proj_Obs_Date - Baseline,Proj_Obs_Date - Revised,Contract #,Type_of_Contract_Action,___CMTS#___,CMTS Proj_Award_Date,Risk,Lead_Time (Days),Need Date,Req_Award_Date,_____________________PM_Notes_____________________,_____________________AM_Notes_____________________
ACQA-FY20-28,LPD Acq PMS317,Cindi Aponte,Vince Piesetzkie,511,5,PMS 317,100001497399 0010,1300817105,BS-831717.03153312,N0002419WX10823,LPD 29 ECS OPP,,Material for LPD 29 ECS via approved OPP,"$219,182.95 ","$219,182.95 ",30-Jul-19,$0.00 ,"$219,182.95 ",$0.00 ,$0.00 ,$0.00 ,31-Dec-19,31-Mar-20,,SAPCOM,20-PJP-002,22-Nov-19,L,,1-Nov-21,1-Nov-21,"This is the remaining balance from $3,059,500 for LPD 29 ECS (872487.39); Balance of 872487.39 Committed",
ACQA-FY20-12,LPD Acq PMS317,Cindi Aponte,Cindi Aponte,224,2,PMS 317,,1300819481,BS-831716.031440214462,N0002420WX00343,PMS317NSWCPD0032870 / NAV3403139,,SSES CUSTOMER ADVOCATE CONTRACTORS,"$93,000.00 ","$93,000.00 ",15-Oct-19,$0.00 ,"$93,000.00 ",$0.00 ,$0.00 ,$0.00 ,31-Dec-19,31-Dec-19,,,,,,,31-Jan-20,31-Jan-20,TPS alloted $193K; received $93K,
ACQA-FY20-31,LCAC,Nick Lamparelli,Matt Webb,426,4,PMS 377,100001529080 0030,1300819484,BS-837020.11131122,N0002420WX00403,PMS377NSWCPD0023841 TSK2.3,20 OMN,LCAC Reduction Gear Support,"$90,000.00 ","$90,000.00 ",15-Oct-19,$0.00 ,"$90,000.00 ",$0.00 ,$0.00 ,$0.00 ,1-Nov-19,7-Nov-19,"N00178-14-D-7895-EHP1, TI-27",Incremental Mod,20-HLB-008,7-Nov-19,L,,1-Nov-19,1-Nov-19,SPS Request-Tracking #20-20191018-104159-C,
ACQA-FY20-29,LCAC,Nick Lamparelli,Jeff Merlino,425,4,PMS 377,100001529076 0040,1300820557,BS-837020.11131112,N0002420WX00333,PMS377NSWCPD0023841 TSK1.3,20 OMN,LCAC Propulsion OSR Support,"$180,000.00 ","$180,000.00 ",15-Oct-19,$0.00 ,"$180,000.00 ",$0.00 ,$0.00 ,$0.00 ,29-Nov-19,21-Nov-19,"N00178-04-D-4077 EHQ8, TI-40",Incremental Mod,20-RMK-004,6-Dec-19,L,,31-Dec-19,31-Dec-19,SPS Request-Tracking #30-20191022-145619-C,
ACQA-FY20-21,LPD Acq PMS317,Cindi Aponte,Bryn Stull,311,3,PMS 317,,1300821704,BS-831717.031440213342,N0002420WX00288,PMS317NSWCPD0032187 / NSW0500047,,"NEW ACQ ILS PROV SUPPLY SUPT
ACRN AD","$66,000.00 ","$66,000.00 ",15-Oct-19,$0.00 ,"$66,000.00 ",$0.00 ,$0.00 ,$0.00 ,31-Dec-19,31-Dec-19,N6449819F3003,Incremental Mod,20-NAW-015,22-Nov-19,L,,31-Jan-20,31-Jan-20,TPS ALLOTED AMOUNT IS $264K; RECEIVED $66K. BALANCE OF $198K REMAINING,Obligated on 11/18/19
ACQA-FY20-64,LHA(R),Darren Nelson,,,,PMS 377,100001561566 0020,1300823935,BS-837701.03020405090754,N0002420WX03122,PMS377NSWCPD0035465,SCN,LHA 7 Miscellaneous Electrical Repair,"$441,500.00 ","$441,500.00 ",18-Nov-19,$0.00 ,"$441,500.00 ",$0.00 ,$0.00 ,$0.00 ,31-Dec-19,16-Dec-19,"N00178-14-D-7895-EHP1, TI-35",Incremental Mod,20-HLB-018,18-Dec-19,L,,31-Dec-19,31-Dec-19,SPS Request-Tracking #20-20191118-123804-C,
ACQA-FY20-30,LCAC,Nick Lamparelli,Dayton Wilson,423,4,PMS 377,100001529361 0030,1300823948,BS-837020.11131122,N0002420WX00403,PMS377NSWCPD0023841 TSK2.4,20 OMN,LCAC WEBLOG/MGTIS Support,"$149,000.00 ","$149,000.00 ",15-Oct-19,$0.00 ,"$149,000.00 ",$0.00 ,$0.00 ,$0.00 ,29-Nov-19,18-Dec-19,N00178-14-D-7714 EHP1,Incremental Mod,20-HLB-019,2-Jan-20,L,,31-Dec-19,31-Dec-19,,"OBLIGATED. PM, please $0 commitment."
ACQA-FY20-33,LCAC,Nick Lamparelli,Doug Swenson,315,3,PMS 377,100001529364 0030,1300824614,BS-837020.11131212,N0002420WX00712,PMS377NSWCPD0023821 TSK1.2,20 OMN,LCAC ILS - DMSMS Support,"$36,000.00 ","$36,000.00 ",15-Oct-19,$0.00 ,"$36,000.00 ",$0.00 ,$0.00 ,$0.00 ,31-Dec-19,13-Dec-19,"N00178-04-D-4077, TI-286",Incremental Mod,20-J L-016,10-Dec-19,L,,31-Dec-19,31-Dec-19,SPS Request-Tracking #30-20191118-110447-C,
ACQA-FY20-96,LPD Acq PMS317,Cindi Aponte,Aakash Mehta,532,5,PMS 317,100001563390 0020,1300824923,BS-831716.031400191,N0002420WX03479,LPD 28 OPP eRM,SCN,LPD 28 HYDRA HARDWARE eRM OPP,"$110,745.00 ","$110,745.00 ",18-Nov-19,$0.00 ,"$110,745.00 ",$0.00 ,$0.00 ,$0.00 ,30-Jul-20,18-Dec-19,N6449818D4001,,20-M E-010,25-Dec-19,L,,18-Sep-20,18-Sep-20,"Amount provided was $125K; committed $110,745.00; new line of $14,255.00 was created for balance",
ACQA-FY20-111,LPD Acq PMS317,Cindi Aponte,Vince Piesetzkie,511,5,PMS 317,100001502929 0010,1300826470,BS-831716.03153222,N0002419WX11006,LPD 28 ECS OPP,SCN,Material for LPD 28 ECS via approved OPP,"$7,701.00 ","$7,701.00 ",30-Jul-19,$0.00 ,"$7,701.00 ",$0.00 ,$0.00 ,$0.00 ,31-Dec-19,31-Mar-20,N6449818D0010,Bank,20-D R-025,1-Jan-20,L,,31-May-20,31-May-20,"This is the remaining balance from $326,500.00 (FY19) for LPD 28 ECS",
ACQA-FY20-109,LPD Acq PMS317,Cindi Aponte,Vince Piesetzkie,511,5,PMS 317,100001502929 0010,1300827680,BS-831716.03153222,N0002419WX11006,LPD 28 ECS OPP,SCN,Material for LPD 28 ECS via approved OPP,"$68,884.40 ","$68,884.40 ",30-Jul-19,$0.00 ,"$68,884.40 ",$0.00 ,$0.00 ,$0.00 ,31-Dec-19,31-Mar-20,,Bank,,,L,,31-May-20,31-May-20,"This is the remaining balance from $326,500.00 (FY19) for LPD 28 ECS",PR 1300827680 is a SAP.
ACQA-FY20-9,LPD Acq PMS317,Cindi Aponte,Vince Piesetzkie,511,5,PMS 317,100001568150 0040,1300827747,BS-831719.0111112314,N0002420WX04307,PMS317NSWCPD0032817 / NAV3403150,19 RDTE,Flight II ECS DAU Development,"$230,000.00 ","$230,000.00 ",27-Nov-19,$0.00 ,"$230,000.00 ",$0.00 ,$0.00 ,$0.00 ,30-Apr-20,30-Apr-20,N00178-16-D-8942,Incremental Mod,,,L,,28-Aug-20,28-Aug-20,,Started process to put on contract.
ACQA-FY20-11,LPD Acq PMS317,Cindi Aponte,Dave Belch,224,2,PMS 317,100001568364 0070,1300827857,BS-831720.0111112352,N0002420WX04878,PMS317NSWCPD0032819 / NSW0500087,20 RDTE,FLT II HTS LPD 28 Procurement,"$5,075,000.00 ","$5,075,000.00 ",,$0.00 ,"$5,074,764.02 ",$0.00 ,$235.98 ,$235.98 ,22-Nov-19,31-Dec-19,,,,,,,31-Dec-19,31-Dec-19,"Total TPS allocation is $5,568,650.00; received $5,075,000 for material procurement. Balance of $493,650 will be added to new line",
ACQA-FY20-52,LCAC,Nick Lamparelli,Adam Dick,425,4,PMS 377,100001529367 0030,1300828241,BS-837708.3442,N0002420WX01267,PMS377NSWCPD0026013 TSK1.1,18 OPN,LCAC BAAS Kit Procurement,"$516,632.51 ","$516,632.51 ",30-Oct-19,$0.00 ,"$516,632.51 ",$0.00 ,$0.00 ,$0.00 ,31-Dec-19,13-Mar-20,N64498-19-D-4030,Incremental Mod,20-AJP-021,28-Jan-20,H,270,31-Dec-20,5-Apr-20,SPS Request-Tracking #40-20191211-090406-C,PR fully approved 1/13/20. Ctr claiming the next kit buy will increase. Claim wasn't warranted and denied. Ctr late on delivering BAAS kits so extend delivery. Obligation Need Date based on an operational need for the material.
ACQA-FY20-60,SSC,Nick Lamparelli,Drew Connell,311,3,PMS 377,100001566083 0020,1300828342,BS-886319.4161512,N0002420WX02196,PMS377NSWCPD0023259,SCN,SSC ILS - MT7 PIP Support,"$343,333.00 ","$343,333.00 ",21-Nov-19,$0.00 ,"$343,333.00 ",$0.00 ,$0.00 ,$0.00 ,31-Dec-19,16-Jan-20,"N64498-16-D-0013, DO F4250",Incremental Mod,20-SEK-008,11-Jan-20,L,,31-Dec-19,31-Dec-19,SPS Request-Tracking #40-20191210-141525-C,
ACQA-FY20-66,LHA(R),Darren Nelson,Jenny Pang,515,5,PMS 377,100001564841 0030,1300828435,BS-837701.03020405090196,N0002420WX03118,PMS377NSWCPD0022174,SCN,LHA 7 SDM Support,"$61,900.00 ","$61,900.00 ",26-Nov-19,$0.00 ,"$61,900.00 ",$0.00 ,$0.00 ,$0.00 ,31-Dec-19,9-Jan-20,"N00178-14-D-7895-EHP1, TI-14",Incremental Mod,20-HLB-021,14-Jan-20,,,31-Dec-19,31-Dec-19,SPS Request-Tracking #20-20191212-143104-C,
ACQA-FY20-53,LCU,Nick Lamparelli,Brendan McCoy,431,4,PMS 377,100001530295 0030,1300828473,BS-837020.121812,N0002420WX00307,PMS377NSWCPD0023981 TSK1.3,20 OMN,LCU MOBI Grooms @ ACU 2,"$70,000.00 ","$70,000.00 ",9-Dec-19,$0.00 ,"$70,000.00 ",$0.00 ,$0.00 ,$0.00 ,31-Jan-20,18-Jan-20,"N64498-19-D-4033, F4283",Incremental Mod,20-EMB-010 / 20-R P-017,4-Jan-20,L,,14-Feb-20,14-Feb-20,SPS Request-Tracking #40-20191210-100530-C,Obligated.
ACQA-FY20-84,LHA(R),Darren Nelson,Jenny Pang,515,5,PMS 377,100001565357 0040,1300829679,BS-837717.35226,N0002420WX04282,PMS377NSWCPD0022249,SCN,LHA 8 SDM Support,"$135,700.00 ","$135,700.00 ",26-Nov-19,$0.00 ,"$135,700.00 ",$0.00 ,$0.00 ,$0.00 ,31-Dec-19,30-Jan-20,"N00178-14-D-7895-EHP1, TI-8",Incremental Mod,20-HLB-031,15-Feb-20,,,31-Dec-19,31-Dec-19,SPS Request-Tracking #20-20191212-141144-C,PR fully approved 1/23/2020.
ACQA-FY20-108,LPD Acq PMS317,Cindi Aponte,Vince Piesetzkie,511,5,PMS 317,100001534524 0020,1300830498,BS-831716.031440214442,N0002420WX00343,PMS317NSWCPD0032871 / NAV3402957,SCN,ECS SOFTWARE BUILD LPD 28/29,"$40,000.00 ","$40,000.00 ",15-Oct-19,$0.00 ,"$40,000.00 ",$0.00 ,$0.00 ,$0.00 ,31-Dec-19,31-Jan-20,N00178-16-D-8942,Incremental Mod,20-NAW-030,25-Dec-19,L,,3-Feb-20,3-Feb-20,Broken out from total allocation of $113K,
ACQA-FY20-110,LPD Acq PMS317,Cindi Aponte,Vince Piesetzkie,511,5,PMS 317,100001502929 0010,1300830589,BS-831716.03153222,N0002419WX11006,LPD 28 ECS OPP,SCN,Material for LPD 28 ECS via approved OPP,"$8,415.00 ","$8,415.00 ",30-Jul-19,$0.00 ,"$8,415.00 ",$0.00 ,$0.00 ,$0.00 ,31-Dec-19,31-Mar-20,,Bank,20-WHM-011,12-Feb-20,L,,31-May-20,31-May-20,"This is the remaining balance from $326,500.00 (FY19) for LPD 28 ECS",
ACQA-FY20-6,LPD Acq PMS317,Cindi Aponte,Vince Piesetzkie,511,5,PMS 317,100001534524 0020,1300830662,BS-831716.031440214442,N0002420WX00343,PMS317NSWCPD0032871 / NAV3402957,SCN,ECS SOFTWARE BUILD LPD 28/29,"$73,000.00 ","$73,000.00 ",15-Oct-19,$0.00 ,"$73,000.00 ",$0.00 ,$0.00 ,$0.00 ,31-Dec-19,31-Jan-20,N00178-16-D-8942,Incremental Mod,20-NAW-045,29-Jan-20,L,,3-Feb-20,3-Feb-20,Broken out from total allocation of $113K,
ACQA-FY20-106,LHA(R),Darren Nelson,Maddie Hale,311,3,PMS 377,100001565891 0008,1300830749,BS-837701.03020602010825,N0002420WX02950,PMS377NSWCPD0022292,SCN,LHA 7 ILS - EOSS Support,"$37,000.00 ","$37,000.00 ",3-Jan-20,$0.00 ,"$34,829.14 ",$0.00 ,"$2,170.86 ","$2,170.86 ",31-Jan-20,22-Jan-20,"N64498-18-F3001, TI-52",Incremental Mod,20-K N-024,31-Jan-20,L,,31-Jan-20,31-Jan-20,,obligated 1/21/20
ACQA-FY20-97,LPD Acq PMS317,Cindi Aponte,Aakash Mehta,532,5,PMS 317,100001563390 0020,1300831056,BS-831716.0314001963,N0002420WX03479,LPD 28 OPP eRM,SCN,LPD 28 HYDRA System Test & Evaluation eRM OPP,"$100,000.00 ","$100,000.00 ",18-Nov-19,$0.00 ,"$100,000.00 ",$0.00 ,$0.00 ,$0.00 ,30-Jul-20,21-Jan-20,N6449819F3005 N0017804D4033,Incremental Mod,20-SHL-003,22-Jan-20,L,,18-Sep-20,18-Sep-20,,
ACQA-FY20-63,LHA(R),Darren Nelson,Brendan McCoy,431,4,PMS 377,100001580535 0010,1300831690,BS-837701.030206030234,N0002420WX05698,PMS377NSWCPD0033653,SCN,LHA 7 MOBI Install,"$41,069.00 ","$41,069.00 ",7-Jan-20,$0.00 ,"$39,814.15 ",$0.00 ,"$1,254.85 ","$1,254.85 ",31-Dec-19,6-Feb-20,N6449819-D-4033,Incremental Mod,20-R P-021,13-Feb-20,L,,31-Jan-20,31-Jan-20,SPS Request-Tracking #40-20200110-065226-C,In queue NAVSEA compt 1/22/20
ACQA-FY20-72,LHA(R),Darren Nelson,Maddie Hale,311,3,PMS 377,100001565893 0008,1300832485,BS-837701.03020602010846,N0002420WX03001,PMS377NSWCPD0022294,SCN,LHA 7 ILS - PMS Support,"$62,500.00 ","$62,500.00 ",25-Nov-19,$0.00 ,"$62,500.00 ",$0.00 ,$0.00 ,$0.00 ,31-Jan-20,31-Jan-20,"N64498-19-F3003, TI-43",Incremental Mod,20-KPC-036,8-Feb-20,L,,3-Feb-20,3-Feb-20,SPS Request-Tracking #30-20200115-125619-C,Obligated
ACQA-FY20-105,LHA(R),Darren Nelson,Jenny Pang,515,5,PMS 377,100001580408 0010,1300832575,BS-837701.030206030232,N0002420WX05690,PMS377NSWCPD0026254,SCN,LHA 7 MCS DAU/OSU Grooms/Louver-MCS UPS Replacement,"$22,000.00 ","$22,000.00 ",13-Jan-20,$0.00 ,"$22,000.00 ",$0.00 ,$0.00 ,$0.00 ,31-Jan-20,24-Jan-20,"N00178-14-D-7895 EHP1, TI-34",Incremental Mod,20-HLB-029,6-Feb-20,L,1,1-Mar-20,29-Feb-20,SPS Request-Tracking #20-20200113-164321-C,
ACQA-FY20-32,LCAC,Nick Lamparelli,Emily Redline,317,3,PMS 377,100001529363 0030,1300833801,BS-837020.11131212,N0002420WX00712,PMS377NSWCPD0023821 TSK1.1,20 OMN,LCAC ILS - Program Support,"$45,000.00 ","$45,000.00 ",15-Oct-19,$0.00 ,"$45,000.00 ",$0.00 ,$0.00 ,$0.00 ,31-Dec-19,31-Jan-20,"N64498-19-F3003, TI-48",Incremental Mod,20-KPC-036,8-Feb-20,L,,21-Feb-20,21-Feb-20,SPS Request-Tracking #30-20200123-073753-C,
ACQA-FY20-22,LPD Acq PMS317,Cindi Aponte,Bryn Stull,311,3,PMS 317,,1300834579,BS-831717.031440213332,N0002420WX00288,PMS317NSWCPD0032169 / NSW0500043,SCN,"LPD 17 NEW ACQ PROGRAM MANAGEMENT (HM&E)
ACRN AC","$43,750.00 ","$43,750.00 ",15-Oct-19,$0.00 ,"$43,750.00 ",$0.00 ,$0.00 ,$0.00 ,31-Dec-19,24-Apr-20,"N0017811D6433,N6449819F3003",Incremental Mod,20-KPC-038,20-Feb-20,L,,28-Aug-20,28-Aug-20,"TPS ALLOCATED $175K; RECEIVED $43,750.00. BALANCE REMAINING $131,250.00",Obligated on 2/12/2020 per CMTS
ACQA-FY20-98,LPD Acq PMS317,Cindi Aponte,Emily Housel,334,3,PMS 317,100001565754 0030,1300835146,BS-831718.031400121212,N0002420WX03738,LPD 30 OCM OPP,SCN,LPD 30 OCM OPP - GFE - Oil Content Monitor (OCM) Hardware Procurement,"$56,405.00 ","$56,405.00 ",25-Nov-19,$0.00 ,"$56,405.00 ",$0.00 ,$0.00 ,$0.00 ,30-Apr-20,30-Apr-20,,SAP,20-FV-011,22-Mar-20,L,,30-Sep-20,30-Sep-20,,
ACQA-FY20-61,LHA(R),Darren Nelson,Jenny Pang,515,5,PMS 377,100001563144 0040,1300835230,BS-837701.03020502080244,N0002420WX03112,PMS377NSWCPD0022183,SCN,LHA 7 MCS RMF ATO,"$41,750.00 ","$41,750.00 ",9-Jan-20,$0.00 ,"$41,750.00 ",$0.00 ,$0.00 ,$0.00 ,3-Apr-20,17-Mar-20,N00178-14-D-7593,Incremental Mod,20-G V-016,21-Feb-20,L,,1-Jun-20,1-Jun-20,,"TPOC received funding 1/22/2020. PR generated on 2/3/2020, fully approved 2/6/2020."
ACQA-FY20-107,LHA(R),Darren Nelson,Gurjit Singh,523,5,PMS 377,100001580537 0030,1300835863,BS-837701.03020405090756,N0002420WX05766,PMS377NSWCPD0045927,SCN,LHA 7 SCD20576/ABS Autopilot Removal (AIT 7-121),"$64,700.00 ","$64,700.00 ",9-Jan-20,$0.00 ,"$50,427.00 ",$0.00 ,"$14,273.00 ","$14,273.00 ",3-Apr-20,3-Apr-20,N65540-14-D-0011,Single Award DO,20-M2K-027,4-Mar-20,L,1,3-Apr-20,2-Apr-20,Additional award 5/14/20 of $8k,
ACQA-FY20-94,LHA(R),Darren Nelson,,,,PMS 377,100001584811 0020,1300836197,BS-837717.3613216,N0002420WX03817,PMS377NSWCPD0022233,SCN,LHA 8 SSTDD / ISEA / PM Support,"$67,511.00 ","$67,511.00 ",3-Feb-20,$0.00 ,"$67,511.00 ",$0.00 ,$0.00 ,$0.00 ,28-Feb-20,20-Feb-20,N00178-04-D-4077 EHQ8,Incremental Mod,20-RMK-017,21-Feb-20,,,29-Feb-20,29-Feb-20,,
ACQA-FY20-82,LHA(R),Darren Nelson,,,,PMS 377,100001563142 0020,1300836200,BS-837701.030207040162,N0002420WX02940,PMS377NSWCPD0022152,SCN,LHA 7 SSTDD / ISEA / PM Support,"$16,878.00 ","$16,878.00 ",3-Feb-20,$0.00 ,"$16,878.00 ",$0.00 ,$0.00 ,$0.00 ,28-Feb-20,28-Feb-20,"N00178-04-D-4077 EHQ8, TI-45",Incremental Mod,20-RMK-017,21-Feb-20,,,29-Feb-20,29-Feb-20,SPS Request-Tracking #02-20200203-093929-C,
ACQA-FY20-99,LPD Acq PMS317,Cindi Aponte,Emily Housel,334,3,PMS 317,100001565755 0030,1300837518,BS-831718.031400121112,N0002420WX03738,LPD 30 OWS OPP,,LPD 30 OWS OPP - GFE - Oil Water Separator (OWS) Hardware Procurement,"$51,887.00 ","$51,887.00 ",25-Nov-19,$0.00 ,"$51,887.00 ",$0.00 ,$0.00 ,$0.00 ,30-Jun-20,31-Mar-20,N00178-04-D-4078-EHQ5,Incremental Mod,20-SPS-051,19-Mar-20,L,,30-Sep-20,30-Sep-20,,Assigned in CMTS on 3/4/20
ACQA-FY20-7,LPD Acq PMS317,Cindi Aponte,Vince Piesetzkie,511,5,PMS 317,100001568151 0020,1300838316,BS-831719.0111112344,N0002420WX04165,PMS317NSWCPD0032866 / NAV3403358,19 RDTE,ECS/SCS RMF Development,"$32,000.00 ","$32,000.00 ",27-Nov-19,$0.00 ,"$32,000.00 ",$0.00 ,$0.00 ,$0.00 ,30-Apr-20,27-Apr-20,N00178-16-D-8942,Incremental Mod,20-JET-064,29-Mar-20,L,,1-Jul-20,1-Jul-20,,Awarded 4/27/2020. PR AD-HOC approved 2/24/2020.
ACQA-FY20-122,LPD Acq PMS317,Cindi Aponte,Griffin Harold,224,2,PMS 317,100001583808 0020,1300839282,BS-831716.031440214472,N0002420WX04277,LPD HTS TM,,Partial Fund for HTS TM,"$64,624.00 ","$64,624.00 ",6-Jan-20,"$64,624.00 ",$0.00 ,$0.00 ,"$64,624.00 ",$0.00 ,11-Sep-20,11-Sep-20,,,,30-Sep-20,,,30-Sep-20,30-Sep-20,,
ACQA-FY20-121,LPD Acq PMS317,Cindi Aponte,Griffin Harold,224,2,PMS 317,100001582320 0040,1300839283,BS-831717.031440213562,N0002420WX00288,LPD HTS TM,,Partial Fund for HTS TM,"$84,376.00 ","$84,376.00 ",6-Jan-20,"$84,376.00 ",$0.00 ,$0.00 ,"$84,376.00 ",$0.00 ,11-Sep-20,11-Sep-20,,,,30-Sep-20,,,30-Sep-20,30-Sep-20,,
ACQA-FY20-20,LPD Acq PMS317,Cindi Aponte,Bryn Stull,311,3,PMS 317,,1300840365,BS-831717.031440213372,N0002420WX00288,PMS317NSWCPD0032174 / NSW0500043,SCN,"NEW ACQ ILS PMS/TFBR SUPT
ACRN AG","$15,000.00 ","$15,000.00 ",15-Oct-19,$0.00 ,"$15,000.00 ",$0.00 ,$0.00 ,$0.00 ,31-Dec-19,17-Mar-20,"N0017811D6433,N6449819F3003",Incremental Mod,20-KPC-048,14-Mar-20,L,,28-Aug-20,28-Aug-20,TPS ALLOTTED AMOUNT IS $60K; RECEIVED $15K. REMAINING BALANCE IS $45K; PR REQUEST PUT IN 2/21/20 UNDER TI-055,Obligated 3/17/20 per CMTS
ACQA-FY20-112,LHA(R),Darren Nelson,Jenny Pang,515,5,PMS 377,100001585026 0030,1300840382,BS-837719.4224,N0002420WX06178,PMS377NSWCPD0033076,SCN,LHA 9 SDM Support,"$133,900.00 ","$133,900.00 ",23-Jan-20,$0.00 ,"$133,900.00 ",$0.00 ,$0.00 ,$0.00 ,28-Feb-20,23-Apr-20,"N00178-14-D-7593, TI-05",Incremental Mod,20-G V-027,2-Apr-20,L,1,15-May-20,14-May-20,SPS Request-Tracking #50-20200213-145827-C,"Obligated 4/16/2020.
04-13-20 - PR had to be resubmitted and re-approved due to SEAPORT brownout. Contract specialist completed Mod 04/10/20. COR estimate award date to be no later than 5/1/2020.
03/30/20 - TI has been signed by COR and GBS on 3/26/2020.
PR Request submitted to 107 2/13/2020. 107 Tracking Number 50-20200213-145827-C."
ACQA-FY20-90,LHA(R),Darren Nelson,Maddie Hale,311,3,PMS 377,100001583908 0008,1300840561,BS-837717.3711144,N0002420WX05211,PMS377NSWCPD0022080,SCN,LHA 8 ILS - Provisioning Support,"$62,500.00 ","$62,500.00 ",22-Jan-20,$0.00 ,"$62,500.00 ",$0.00 ,$0.00 ,$0.00 ,30-Apr-20,17-Mar-20,N00178-11-D-6433,Incremental Mod,20-KPC-048,14-Mar-20,L,,15-May-20,15-May-20,,Obligated 3/17/20
ACQA-FY20-57,SSC,Nick Lamparelli,Drew Connell,311,3,PMS 377,100001579792 0020,1300841539,BS-837703.215521352,N0002420WX05250,PMS377NSWCPD0023236,SCN,SSC ILS - HM&E Support,"$40,000.00 ","$40,000.00 ",6-Jan-20,$0.00 ,"$40,000.00 ",$0.00 ,$0.00 ,$0.00 ,3-Apr-20,14-Apr-20,"N00178-04-D-4089 EHQ5, TI-45",Incremental Mod,20-KAF-057,7-Apr-20,L,,16-Mar-20,16-Mar-20,SPS Request-Tracking #30-20200225-111314-C,
ACQA-FY20-5,LPD Acq PMS317,Cindi Aponte,Vince Piesetzkie,511,5,PMS 317,100001534755 0030,1300842460,BS-831717.031440213552,N00002420WX00306,PMS317NSWCPD0032869 / NAV3402955,SCN,ECS/SCS/MSCS/HM&E,"$33,000.00 ","$33,000.00 ",19-Feb-20,$0.00 ,"$33,000.00 ",$0.00 ,$0.00 ,$0.00 ,28-Aug-20,20-Mar-20,N6449820F3015,Incremental Mod,,,L,,28-Aug-20,28-Aug-20,,Awarded 3/20/2020.
ACQA-FY20-51,LCAC,Nick Lamparelli,Matt Webb,426,4,PMS 377,100001529370 0030,1300842607,BS-837707.2315112,N0002420WX05322,PMS377NSWCPD0023855 TSK1.3,20 SCN,LCAC Reduction Gear SLEP Inspections,"$48,000.00 ","$48,000.00 ",24-Feb-20,$0.00 ,"$48,000.00 ",$0.00 ,$0.00 ,$0.00 ,3-Apr-20,20-Mar-20,"N00178-14-D-7895-EHP1, TI-27",Incremental Mod,20-HLB-049,3-Apr-20,,,10-Mar-20,10-Mar-20,SPS Request-Tracking #20-20200303-162832-C,FY20 funding not yet received.
ACQA-FY20-124,LHA(R),Darren Nelson,Paul Schwegler,335,3,PMS 377,100001590468 0060,1300842772,BS-837717.351211,N0002420WX07309,N/A (OPP),SCN,LHA 8 Solid Waste GFE,"$89,750.00 ","$89,750.00 ",18-Feb-20,$0.00 ,"$89,750.00 ",$0.00 ,$0.00 ,$0.00 ,30-Apr-20,27-Mar-20,N64498-18-D-4010,Incremental Mod,20-D A-013,17-Apr-20,L,,15-May-21,15-May-21,SPS Request-Tracking #30-20200226-101223-C,Obligated March 30 2020 per CMTS
ACQA-FY20-123,LHA(R),Darren Nelson,Paul Schwegler,335,3,PMS 377,100001590468 0060,1300842775,BS-837717.351211,N0002420WX07309,N/A (OPP),SCN,LHA 8 Solid Waste GFE,"$389,180.00 ","$389,180.00 ",18-Feb-20,$0.00 ,"$389,180.00 ",$0.00 ,$0.00 ,$0.00 ,30-Apr-20,31-Mar-20,N64498-16-D-0009,Incremental Mod,20-K J-007,12-Mar-20,L,,15-May-21,15-May-21,SPS Request-Tracking #30-20200226-110910-C,Obligated on 4/6/20 per CMTS
ACQA-FY20-146,SEALIFT ACQ PMS-385,Frank Lu,Lisa O'Driscoll,534,5,PMS 385,,1300843944,,N0002420WX08139,,20 SCN,ESB SISCAL Support,"$35,000.00 ","$35,000.00 ",,$0.00 ,"$35,000.00 ",$0.00 ,$0.00 ,$0.00 ,15-Apr-20,15-Apr-20,,,20-IJS-023,15-May-20,L,,,Missing Need Date,,Obligated 4/15/2020.
ACQA-FY20-127,LPD Acq PMS317,Cindi Aponte,Vince Piesetzkie,511,5,PMS 317,100001595814 0030,1300844359,BS-831716.03153222,N0002420WX07555,LPD 28 ECS OPP,SCN,LPD 28 ECS OPP Funding to support install/ESLO,"$186,000.00 ","$186,000.00 ",4-Mar-20,$0.00 ,"$186,000.00 ",$0.00 ,$0.00 ,$0.00 ,30-Jun-20,8-Apr-20,N6449819F3015,Incremental Mod,20-NAW-101,22-Apr-20,H,,1-May-20,1-May-20,,Awarded 4/8/2020.
ACQA-FY20-131,SSC,Nick Lamparelli,Ryan Singer,425,4,PMS 377,100001595061 0030,1300844835,BS-837320.71412,N0002420WX07815,PMS377NSWCPD0023286,20 SCN,SSC Post Delivery Support; MT-7 Transient Response Assessment,"$70,092.00 ","$70,092.00 ",3-Mar-20,$0.00 ,"$70,092.00 ",$0.00 ,$0.00 ,$0.00 ,1-May-20,23-Apr-20,N64498-16-D-0013,Incremental Mod,20-SEK-029,9-Apr-20,L,,1-May-20,1-May-20,SPS Request-Tracking #40-20200305-074736-C,OBLIGATED
ACQA-FY20-78,LHA(R),Darren Nelson,Lisa O'Driscoll,534,5,PMS 377,100001565898 0008,1300845197,BS-837701.0302060201144,N0002420WX03109,PMS377NSWCPD0022301,SCN,LHA 7 ILS - SISCAL Support,"$79,000.00 ","$79,000.00 ",25-Nov-19,$0.00 ,"$79,000.00 ",$0.00 ,$0.00 ,$0.00 ,30-Apr-20,16-Apr-20,"N00178-04-D-4119, TI-21",Incremental Mod,20-IJS-023,15-Apr-20,,,15-May-20,15-May-20,,
ACQA-FY20-140,LPD Acq PMS317,Cindi Aponte,Jeff Young,526,5,PMS 317,,1300845266,BS-831718.051132,N0002418WX06857,NAV3402678,19 OPN,LPD 17 Class HM&E Network,"$22,725.00 ","$22,725.00 ",,$0.00 ,"$22,725.00 ",$0.00 ,$0.00 ,$0.00 ,31-Dec-19,30-Sep-20,,MILSTRIP,,,L,,30-Sep-20,30-Sep-20,"Carry in from FY19; total carry in $457,348.62",
ACQA-FY20-45,LCAC,Nick Lamparelli,Jeff Merlino,425,4,PMS 377,100001529076 0040,1300845785,BS-837020.11131112,N0002420WX00333,PMS377NSWCPD0023841 TSK1.3,20 OMN,LCAC Propulsion OSR Support,"$90,000.00 ","$90,000.00 ",18-Mar-20,$0.00 ,"$90,000.00 ",$0.00 ,$0.00 ,$0.00 ,29-May-20,5-May-20,"N00178-04-D-4077 EHQ8, TI-40",Incremental Mod,20-RMK-032,15-May-20,,,1-Jun-20,1-Jun-20,,NAVSEA Compt rejected PR on 3/24/20. JM-$90K on track to oblig 5/29/20.
ACQA-FY20-126,LPD Acq PMS317,Cindi Aponte,Paul Schwegler,335,3,PMS 317,100001595815 0030,1300845803,BS-831718. 03140012212,N0002420WX07025,LPD 30 PWP OPP,SCN,LPD 30 PWP OPP Hardware,"$89,750.00 ","$89,750.00 ",4-Mar-20,$0.00 ,"$89,750.00 ",$0.00 ,$0.00 ,$0.00 ,30-Sep-20,22-May-20,N6449818D4010,Single Award DO,20-DA-019,25-Feb-20,L,,31-Dec-20,31-Dec-20,,"Per CMTS, DO being reviewed by PCO as of 4/14/20"
ACQA-FY20-56,SSC,Nick Lamparelli,Doug Swenson,315,3,PMS 377,100001580079 1008,1300846760,BS-837739.2511442,N0002420WX07760,PMS377NSWCPD0023235,SCN,SSC ILS - DMSMS Support,"$29,000.00 ","$29,000.00 ",16-Mar-20,"$29,000.00 ",$0.00 ,$0.00 ,"$29,000.00 ",$0.00 ,3-Apr-20,17-Jul-20,"N00178-04-D-4077, TI-305",Incremental Mod,,,L,,31-Jul-20,31-Jul-20,SPS Request-Tracking #30-20200324-120459-C. PR created 03/21/20; no CMTS assigned as of 06/29/20.,Working with Code 02 on modification to utilized unused labor hours
ACQA-FY20-3,LPD Acq PMS317,Cindi Aponte,Chad Strong,511,5,PMS 317,100001497399 0010,1300848295,BS-831717.03153312,N0002419WX10823,LPD 29 ECS OPP,SCN,Material for LPD 29 ECS via approved OPP,"$6,202.00 ","$6,202.00 ",30-Jul-19,$0.00 ,"$6,202.00 ",$0.00 ,$0.00 ,$0.00 ,31-Dec-19,24-Jun-20,,SAPCOM,20-PJP-022,7-May-20,L,,1-Jul-20,1-Jul-20,"This is the remaining balance from $3,059,500 for LPD 29 ECS (872487.39); Balance of $653,304.44
**PROGRAM OFFICE WILL BE PULLING BACK $628,304.44 LEAVING A BALANCE OF $25K**","Obligated.
This is the remaining balance from $3,059,500 for LPD 29 ECS. These are non-expiring funds and will be used for additional material to be procured in FY20. PMS 317 directed us not to buy this material until later and we are currently not sure of the date we'll get the go-ahead. Shipboard installation of ECS is not slated until ESLO, which currently sits at November 2021."
ACQA-FY20-133,LPD Acq PMS317,Cindi Aponte,Chad Strong,511,5,PMS 317,100001497399 0010,1300848389,BS-831717.03153312,N0002419WX10823,LPD 29 ECS OPP,SCN,Material for LPD 29 ECS via approved OPP,"$18,798.00 ","$18,798.00 ",30-Jul-19,$0.00 ,"$10,654.29 ",$0.00 ,"$8,143.71 ","$8,143.71 ",31-Dec-19,24-Jun-20,,SAPCOM,20-PJP-022,7-May-20,L,,1-Jul-20,1-Jul-20,"This is the remaining balance from $3,059,500 for LPD 29 ECS (872487.39); Balance of $653,304.44
**PROGRAM OFFICE WILL BE PULLING BACK $628,304.44 LEAVING A BALANCE OF $25K**",
ACQA-FY20-142,LPD Acq PMS317,Cindi Aponte,Paul Schwegler,335,3,PMS 317,100001595815 0030,1300848782,BS- 831718. 03140012212,N0002420WX07025,LPD 30 PWP OPP,SCN,LPD 30 PWP OPP Hardware,"$195,140.00 ","$195,140.00 ",4-Mar-20,$0.00 ,"$195,140.00 ",$0.00 ,$0.00 ,$0.00 ,30-Sep-20,22-May-20,N6449818D4010,Single Award DO,20-DA-019,25-Feb-20,L,,31-Dec-20,31-Dec-20,,Will obligate by 5-20-20 per CMTS
ACQA-FY20-86,LHA(R),Darren Nelson,Maddie Hale,311,3,PMS 377,100001583905 0008,1300848853,BS-837717.3711116,N0002420WX05192,PMS377NSWCPD0022075,SCN,LHA 8 ILS - Logistics Program Support,"$28,000.00 ","$28,000.00 ",22-Jan-20,$0.00 ,"$28,000.00 ",$0.00 ,$0.00 ,$0.00 ,30-Apr-20,30-Jun-20,"N00178-04-D-4089 EHQ5, TI-41",Incremental Mod,20-KAF-057,7-Apr-20,L,,30-Jun-20,30-Jun-20,,$28k obligated on 4/14/20 per CMTS
ACQA-FY20-153,LPD Acq PMS317,Cindi Aponte,Jeff Young,526,5,PMS 317,,1300849490,BS-831718.051132,N0002418WX06857,NAV3402678,19 OPN,LPD 17 Class HM&E Network,"$14,782.00 ","$14,782.00 ",,$0.00 ,"$14,782.00 ",$0.00 ,$0.00 ,$0.00 ,31-Dec-19,30-Sep-20,,MILSTRIP,,,L,,30-Sep-20,30-Sep-20,"Carry in from FY19; total carry in $457,348.62",
ACQA-FY20-143,LPD Acq PMS317,Cindi Aponte,Paul Schwegler,335,3,PMS 317,100001595815 0030,1300849585,BS- 831718. 03140012212,N0002420WX07025,LPD 30 PWP OPP,SCN,LPD 30 PWP OPP Hardware,"$34,000.00 ","$34,000.00 ",4-Mar-20,"$34,000.00 ",$0.00 ,$0.00 ,"$34,000.00 ",$0.00 ,30-Sep-20,23-Jul-20,N6449818D4010,Single Award DO,20-S D-044,23-Jul-20,L,,31-Dec-20,31-Dec-20,,"20-S D-044
Single award DO Per CMTS RFQ closes 6/26
CMTS Projected obligation date = 7/23/20"
ACQA-FY20-141,LHA(R),Darren Nelson,Hemchand Segobind,443,4,PMS 377,100001591132 0030,1300850029,BS-837701.030206030236,N0002420WX07432,PMS377NSWCPD0026250,SCN,LHA 7 SCD12876/CMBRE,"$135,000.00 ","$135,000.00 ",27-Mar-20,"$117,100.00 ",$0.00 ,$0.00 ,"$135,000.00 ","$17,900.00 ",30-Jun-20,,,SAP,,,,,30-Jun-20,30-Jun-20,SPS Request-Tracking #40-20200407-142954,Andrew Long 6/17 - The $117k was the cost of the cable and the remaining funds are for the fees associated with contracts. No funding is planning to be returned. PR fully approved 4/20/20.
ACQA-FY20-157,LHA(R),Darren Nelson,Maddie Hale,311,3,PMS 377,100001583905 0008,1300850530,BS-837717.3711116,N0002420WX05192,PMS377NSWCPD0022075,SCN,LHA 8 ILS - Logistics Program Support,"$10,000.00 ","$10,000.00 ",22-Jan-20,$0.00 ,"$10,000.00 ",$0.00 ,$0.00 ,$0.00 ,30-Apr-20,23-Apr-20,N64498-20-D-4016,New Contract,20-R S-071,27-Jul-20,L,,30-Jun-20,30-Jun-20,,
ACQA-FY20-158,LHA(R),Darren Nelson,Maddie Hale,311,3,PMS 377,100001583905 0008,1300850633,BS-837717.3711116,N0002420WX05192,PMS377NSWCPD0022075,SCN,LHA 8 ILS - Logistics Program Support,"$10,000.00 ","$10,000.00 ",22-Jan-20,$0.00 ,"$10,000.00 ",$0.00 ,$0.00 ,$0.00 ,30-Apr-20,23-Apr-20,N64498-20-D-4017,New Contract,20-R S-073,27-Jul-20,L,,30-Jun-20,30-Jun-20,,
ACQA-FY20-10,LPD Acq PMS317,Cindi Aponte,Jonathan Britt,523,5,PMS 317,100001566485 0040,1300853499,BS-831719.0111112324,N0002420WX04180,PMS317NSWCPD0032818 / NAV3403151,20 RDTE,Flight II LCU PLC SCS,"$19,445.00 ","$19,445.00 ",22-Nov-19,$0.00 ,"$19,445.00 ",$0.00 ,$0.00 ,$0.00 ,30-Apr-20,28-Aug-20,N6449820P5192,SAP,20-SMW-034,14-Jun-20,L,90,30-Sep-20,2-Jul-20,,
ACQA-FY20-151,LPD Acq PMS317,Cindi Aponte,Jonathan Britt,523,5,PMS 317,100001597284 0020,1300853761,BS-831717.03153322,N0002420WX07035,LPD 29 SCS SUPPORT OPP,SCN,LPD 29 SCS SUPPORT OPP,"$78,676.31 ","$78,676.31 ",24-Feb-20,"$78,676.31 ",$0.00 ,$0.00 ,"$78,676.31 ",$0.00 ,31-Jul-20,30-Sep-20,,SAP,20-ZFM-041,2-Jul-20,L,180,28-Feb-21,1-Sep-20,,
ACQA-FY20-152,LPD Acq PMS317,Cindi Aponte,Jonathan Britt,523,5,PMS 317,,1300853935,BS-831717.03153331,N0002420WX03729,LPD 29 ECDIS OPP GFE,SCN,LPD 29 ECDIS Program Management support,"$36,970.05 ","$36,970.05 ",24-Feb-20,"$36,970.05 ",$0.00 ,$0.00 ,"$36,970.05 ",$0.00 ,31-Jul-20,30-Sep-20,,SAP,20-ZFM-041,2-Jul-20,L,120,28-Feb-21,31-Oct-20,,
ACQA-FY20-88,LHA(R),Darren Nelson,Maddie Hale,311,3,PMS 377,100001583906 0008,1300854004,BS-837717.3711126,N0002420WX05198,PMS377NSWCPD0022076,SCN,LHA 8 ILS - PMS Support,"$40,163.00 ","$40,163.00 ",22-Jan-20,$0.00 ,"$40,163.00 ",$0.00 ,$0.00 ,$0.00 ,30-Apr-20,3-Jun-20,N6449819F3003,Incremental Mod,20-KPC-097,29-May-20,L,,30-Jun-20,30-Jun-20,,Obligated 5-28-20 via mod 35
ACQA-FY20-23,LPD Acq PMS317,Cindi Aponte,Bryn Stull,311,3,PMS 317,,1300854591,BS-831717.031440213452,N0002420WX00288,PMS317NSWCPD0032194 / NSW0500041,SCN,NEW ACQ DMSMS MGMT (HM&E),"$70,000.00 ","$70,000.00 ",20-Apr-20,"$70,000.00 ",$0.00 ,$0.00 ,"$70,000.00 ",$0.00 ,30-Apr-20,13-Aug-20,N6449817F3001/N0017804D4077,Incremental Mod,20-J L-078,16-May-20,L,,30-Sep-20,30-Sep-20,tps request $80K; received $70K,Specialist working on modification to utilize unused labor hours before funding can be obligated
ACQA-FY20-54,SSC,Nick Lamparelli,Joe Picozzi,316,3,PMS 377,100001580077 1008,1300855737,BS-837739.2511442,N0002420WX07760,PMS377NSWCPD0023232,SCN,SSC ILS - PMS Support,"$37,000.00 ","$37,000.00 ",16-Mar-20,$0.00 ,"$37,000.00 ",$0.00 ,$0.00 ,$0.00 ,3-Apr-20,3-Jun-20,N6449819F3003,Incremental Mod,20-KPC-096,27-May-20,L,,1-Jun-20,1-Jun-20,SPS Request-Tracking #30-20200430-134929-C,Obligated 5-28-20 via mod 35
ACQA-FY20-155,LPD Acq PMS317,Cindi Aponte,Jonathan Britt,523,5,PMS 317,100001566485 0040,1300855749,BS-831719.0111112324,N0002420WX04180,PMS317NSWCPD0032818 / NAV3403151,20 RDTE,Flight II LCU PLC SCS,"$3,834.00 ","$3,834.00 ",22-Nov-19,"$3,834.00 ",$0.00 ,$0.00 ,"$3,834.00 ",$0.00 ,30-Apr-20,30-Sep-20,,SAP,,,L,90,30-Sep-20,2-Jul-20,,PR fully approved 6/16/2020.
ACQA-FY20-154,LPD Acq PMS317,Cindi Aponte,Bryn Stull,311,3,PMS 317,,1300855751,BS-831717.031440213372,N0002420WX00288,PMS317NSWCPD0032174 / NSW0500043,SCN,"NEW ACQ ILS PMS/TFBR SUPT
ACRN AG","$20,000.00 ","$20,000.00 ",15-Apr-20,$0.00 ,"$20,000.00 ",$0.00 ,$0.00 ,$0.00 ,31-Jul-20,1-Jun-20,N6449819F3003,Incremental Mod,20-KPC-096,27-May-20,L,,2-Oct-20,2-Oct-20,TPS ALLOTTED AMOUNT IS $60K; RECEIVED $20K; PREVIOUS WAS $15K. REMAINING BALANCE IS $25K; PR REQUEST PUT IN UNDER TI-087,Obligated 5-28-20 via mod 35
ACQA-FY20-39,LPD Acq PMS317,Cindi Aponte,Cindi Aponte,224,2,PMS 317,100001535084-0010,1300856346,BS-831716.031440214462,N0002420WX00343,PMS317NSWCPD0032870 / NAV3403139,SCN,SSES CUSTOMER ADVOCATE CONTRACTORS,"$100,000.00 ","$100,000.00 ",20-Apr-20,$0.00 ,"$100,000.00 ",$0.00 ,$0.00 ,$0.00 ,29-May-20,31-Jul-20,,Incremental Mod,,,L,,28-Aug-20,28-Aug-20,TPS alloted $193K; received $93K; accounting for remaining balance of $100K,
ACQA-FY20-47,LCAC,Nick Lamparelli,Jeff Merlino,425,4,PMS 377,100001529078 0030,1300856407,BS-837020.11131122,N0002420WX00403,PMS377NSWCPD0023841 TSK2.1,20 OMN,LCAC MGT ISEA Support,"$135,000.00 ","$135,000.00 ",18-Mar-20,$0.00 ,"$135,000.00 ",$0.00 ,$0.00 ,$0.00 ,29-May-20,21-May-20,N00178-14-D-7895 EHP-1,Incremental Mod,20-HLB-071,28-May-20,,,1-Jun-20,1-Jun-20,SPS Request-Tracking #20-20200506-202058-C,"PR fully approved 5/12/20. PR approved by D20, Tim Sipe. Jeff Merlino 4/22/20; funds will most likely be returned. Discussing an acquisition strategy for a contract w/in the branch and if the PCO is onboard, request funds for early FY21.
Nick Lamparelli 4/23/20; We are still working on ACQA-FY20-47; it may be put on the same c/224 contract that ACQA-FY20-49 could be put on. However, that contract has some ceiling and PoP limitations, which is why the funding has not been committed/obligated to date. I would like to leave both codes as listed (c/425 and c/426) as those are the technical codes responsible for the work."
ACQA-FY20-65,LHA(R),Darren Nelson,,,,PMS 377,100001561566 0020,1300856565,BS-837701.03020405090754,N0002420WX03122,PMS377NSWCPD0035465,SCN,LHA 7 Miscellaneous Electrical Repair,"$441,500.00 ","$185,000.00 ",5-May-20,$0.00 ,"$182,883.67 ",$0.00 ,"$2,116.33 ","$2,116.33 ",30-Apr-20,21-May-20,"N00178-14-D-7895-EHP1, TI-35",Incremental Mod,20-HLB-070,26-May-20,,,30-Jun-20,30-Jun-20,,
ACQA-FY20-58,SSC,Nick Lamparelli,Drew Connell,311,3,PMS 377,100001579792 1008,1300858407,BS-837739.2511442,N0002420WX07760,PMS377NSWCPD0023236,SCN,SSC ILS - HM&E Support,"$195,000.00 ","$195,000.00 ",16-Mar-20,$0.00 ,"$195,000.00 ",$0.00 ,$0.00 ,$0.00 ,3-Apr-20,9-Jun-20,,MAC DO,20-R S-093,10-Aug-20,L,,31-Jul-20,31-Jul-20,,
ACQA-FY20-138,LPD Acq PMS317,Cindi Aponte,Jeff Young,526,5,PMS 317,,1300858660,BS-831718.051132,N0002418WX06857,NAV3402678,19 OPN,LPD 17 Class HM&E Network,"$300,000.00 ","$300,000.00 ",,$0.00 ,"$300,000.00 ",$0.00 ,$0.00 ,$0.00 ,31-Dec-19,30-Sep-20,,Incremental Mod,20-M E-058,10-Sep-20,L,,30-Sep-20,30-Sep-20,"Carry in from FY19; total carry in $457,348.62",
ACQA-FY20-67,LHA(R),Darren Nelson,Jenny Pang,515,5,PMS 377,100001564841 0030,1300860317,BS-837701.03020405090196,N0002420WX03118,PMS377NSWCPD0022174,SCN,LHA 7 SDM Support,"$61,900.00 ","$61,900.00 ",16-Apr-20,"$61,900.00 ",$0.00 ,$0.00 ,"$61,900.00 ",$0.00 ,30-Apr-20,31-Jul-20,"N00178-14-D-7593, TI-05",Incremental Mod,20-K B-054,19-Jun-20,L,1,31-Jul-20,30-Jul-20,,"6/5/2020: PR Generated on 5/28, fully approved 6/5. 5/20/2020: PR Request sent to COR. 4/28/2020: Paperwork is in progress to incrementally fund TI # 5, TI # 5 was officially awarded 4/23/2020."
ACQA-FY20-68,LHA(R),Darren Nelson,Maddie Hale,311,3,PMS 377,100001565890 0008,1300860917,BS-837701.03020602010816,N0002420WX02724,PMS377NSWCPD0022291,SCN,LHA 7 ILS - Logistics Program Support,"$141,500.00 ","$141,500.00 ",25-Nov-19,$0.00 ,"$141,500.00 ",$0.00 ,$0.00 ,$0.00 ,30-Apr-20,31-Jul-20,,MAC DO,20-R S-115,24-Aug-20,L,,30-Jun-20,30-Jun-20,,
ACQA-FY20-85,LHA(R),Darren Nelson,Jenny Pang,515,5,PMS 377,100001565357 0040,1300860986,BS-837717.35226,N0002420WX04282,PMS377NSWCPD0022249,SCN,LHA 8 SDM Support,"$135,700.00 ","$135,700.00 ",16-Apr-20,"$135,700.00 ",$0.00 ,$0.00 ,"$135,700.00 ",$0.00 ,30-Apr-20,31-Jul-20,"N00178-14-D-7593, TI-05",Incremental Mod,,,L,1,31-Jul-20,30-Jul-20,,"6/5/2020: PR fully approved 6/5, PR Generated on 5/28. 5/20/2020: PR Request sent to COR. 4/28/2020: Paperwork is in progress to incrementally fund TI # 5, TI # 5 was officially awarded 4/23/2020."
ACQA-FY20-115,LPD Acq PMS317,Cindi Aponte,Jonathan Britt,523,5,PMS 317,100001568151 0020,1300861118,BS-831719.0111112344,N0002420WX04165,PMS317NSWCPD0032866 / NAV3403358,19 RDTE,ECS/SCS RMF Development,"$28,000.00 ","$28,000.00 ",25-Mar-20,"$27,834.75 ",$0.00 ,$0.00 ,"$28,000.00 ",$165.25 ,30-Sep-20,30-Jul-20,N64498-19-D-4010,Incremental Mod,20-D R-094,18-Jun-20,L,90,30-Sep-20,2-Jul-20,,Funding provided to Brady 3/25/2020 for obligation. Package submitted 20200521.
ACQA-FY20-40,LPD Acq PMS317,Cindi Aponte,Bryn Stull,311,3,PMS 317,,1300862031,BS-831717.031440213332,N0002420WX00288,PMS317NSWCPD0032169 / NSW0500043,SCN,"LPD 17 NEW ACQ PROGRAM MANAGEMENT (HM&E)
ACRN AC","$87,500.00 ","$87,500.00 ",20-Apr-20,$0.00 ,"$87,500.00 ",$0.00 ,$0.00 ,$0.00 ,30-Apr-20,10-Jun-20,"N0017811D6433,N6449819F3003",Incremental Mod,20-KPC-114,,L,,18-Sep-20,18-Sep-20,"TPS ALLOCATED $175K; RECEIVED $43,750.00. BALANCE REMAINING $131,250.00; rcvd $87,500","Obligated via modification 37, TI 096 on 6/10/20"
ACQA-FY20-101,LPD Acq PMS317,Cindi Aponte,Jonathan Britt,523,5,PMS 317,100001571022 0050,1300862412,BS?831716.0315321,N0002420WX03637,LPD 28 ECDIS OPP GFE,SCN,LPD 28 ECDIS OPP GFE HARDWARE MATERIAL,"$10,400.00 ","$10,400.00 ",6-Dec-19,"$10,213.66 ",$0.00 ,$0.00 ,"$10,400.00 ",$186.34 ,30-Apr-20,30-Sep-20,N6449818D0010,MAC DO,20-D R-097,23-Jun-20,L,30,30-Sep-20,31-Aug-20,,"PR fully approved 6/8/2020. MILSTRIP rqmt waive justification provided. Being processed as of 20200610. Contract buy, package submitted 20200515."
ACQA-FY20-161,LPD Acq PMS317,Cindi Aponte,Jonathan Britt,523,5,PMS 317,100001597284 0020,1300863444,BS-831717.03153322,N0002420WX07035,LPD 29 SCS SUPPORT OPP,SCN,LPD 29 SCS SUPPORT OPP,"$33,442.11 ","$33,442.11 ",24-Feb-20,"$33,442.11 ",$0.00 ,$0.00 ,"$33,442.11 ",$0.00 ,31-Jul-20,30-Sep-20,N6449818D0010,MAC DO,20-D R-099,16-Jul-20,L,,28-Feb-21,28-Feb-21,,
ACQA-FY20-163,LPD Acq PMS317,Cindi Aponte,Griffin Harold,224,2,PMS 317,100001568364 0155,1300864691,BS-831720.0111112352,N0002420WX04878,PMS317NSWCPD0032819 / NSW0500087,20 RDTE,FLT II HTS LPD 28,"$204,998.00 ","$204,998.00 ",23-Mar-20,"$204,998.00 ",$0.00 ,$0.00 ,"$204,998.00 ",$0.00 ,31-Jul-20,30-Sep-20,,,,,,,30-Sep-20,30-Sep-20,"Total TPS allocation is $5,568,650.00; received $5,075,000 for material procurement. This is the remaining balance of $493,650",
ACQA-FY20-55,SSC,Nick Lamparelli,Colleen McKillips,534,5,PMS 377,100001580078 1008,1300864764,BS-837739.2511442,N0002420WX07760,PMS377NSWCPD0023233,SCN,SSC ILS - SISCAL Support,"$80,000.00 ","$80,000.00 ",6-May-20,$0.00 ,"$80,000.00 ",$0.00 ,$0.00 ,$0.00 ,3-Apr-20,25-Jun-20,"N00178-04-D-4119, TI-25",Incremental Mod,20-IJS-044,2-Jul-20,L,,31-Jul-20,31-Jul-20,,PR request submitted.
ACQA-FY20-16,LPD Acq PMS317,Cindi Aponte,Christian Diaz,311,3,PMS 317,,1300864928,BS-831717.031440213412,N0002420WX00288,PMS317NSWCPD0032297 / NSW0500095,SCN,SCS ILS PMS DEVEL & SUPT,"$5,000.00 ","$5,000.00 ",6-Apr-20,"$5,000.00 ",$0.00 ,$0.00 ,"$5,000.00 ",$0.00 ,30-Apr-20,30-Sep-20,N00178-11-D-6433,Single Award DO,,,L,,30-Oct-20,30-Oct-20,,
ACQA-FY20-164,LPD Acq PMS317,Cindi Aponte,Griffin Harold,224,2,PMS 317,100001568364 0155,1300865293,BS-831720.0111112352,N0002420WX04878,PMS317NSWCPD0032819 / NSW0500087,20 RDTE,FLT II HTS LPD 28,"$218,017.00 ","$218,017.00 ",23-Mar-20,"$218,017.00 ",$0.00 ,$0.00 ,"$218,017.00 ",$0.00 ,31-Jul-20,30-Sep-20,,,,,,,30-Sep-20,30-Sep-20,,
ACQA-FY20-165,LPD Acq PMS317,Cindi Aponte,Jonathan Britt,523,5,PMS 317,100001598069 0020,1300866952,BS- 831716.03153242,N0002420WX07027,LPD 28 SCS SUPPORT OPP,SCN,LPD 28 SCS SUPPORT OPP,"$26,100.00 ","$26,100.00 ",24-Feb-20,"$26,100.00 ",$0.00 ,$0.00 ,"$26,100.00 ",$0.00 ,31-Jul-20,20-Jul-20,N00178-04-D-4077 / N6449819F3012,Incremental Mod,,,M,30,20-Jul-20,20-Jun-20,Urgent for August Install onboard LPD 28 in support of HII testing,
ACQA-FY20-125,LHA(R),Darren Nelson,Mike Kaminski,516,5,PMS 377,100001594679 0030,,BS-837717.342502,N0002420WX07720,N/A (OPP),SCN,LHA 8 ADCS (DCAMS) GFE,"$490,000.00 ","$490,000.00 ",28-Feb-20,$0.00 ,"$40,000.00 ",$0.00 ,"$450,000.00 ","$450,000.00 ",30-Jun-20,26-Feb-20,,Incremental Mod,,,,,1-Dec-20,1-Dec-20,PR 1400839918,PRs will be submitted for N64498-16-D-0005 and 2 SAP packages by 6/19.
ACQA-FY20-48,LCAC,Nick Lamparelli,Vince Tedesco,425,4,PMS 377,100001529079 0030,,BS-837020.11131122,N0002420WX00403,PMS377NSWCPD0023841 TSK2.2,20 OMN,LCAC Torque Meter Installation Support,"$94,118.44 ","$94,118.44 ",18-Feb-20,$0.00 ,"$94,118.44 ",$0.00 ,$0.00 ,$0.00 ,3-Apr-20,12-Mar-20,,MILSTRIP,,,,,1-May-20,1-May-20,ZLCL Purchase Request #40-20200218-141207,[12/10/19 - JJM]: Awaiting Receipt of Funding. Initial requirement is NBU-7 T/M install in AUG20. Advance planning will be required. Funding obligation will likely occur over multiple contracts.
ACQA-FY20-4,LPD Acq PMS317,Cindi Aponte,Vince Piesetzkie,511,5,PMS 317,100001502929 0010,,BS-831716.03153222,N0002419WX11006,LPD 28 ECS OPP,SCN,Material for LPD 28 ECS via approved OPP,"$75,697.40 ","$75,697.40 ",30-Jul-19,$0.00 ,"$75,697.40 ",$0.00 ,$0.00 ,$0.00 ,31-Dec-19,31-Mar-20,,Bank,,,L,,31-May-20,31-May-20,"This is the remaining balance from $326,500.00 (FY19) for LPD 28 ECS",
ACQA-FY20-93,LHA(R),Darren Nelson,Maddie Hale,311,3,PMS 377,100001583909 0008,,BS-837717.3711166,N0002420WX05284,PMS377NSWCPD0022082,SCN,LHA 8 ILS - DMSMS Support,"$19,500.00 ","$19,500.00 ",22-Jan-20,$500.00 ,$0.00 ,$0.00 ,"$19,500.00 ","$19,000.00 ",30-Apr-20,4-Jun-20,,New Contract,20-MMM-087,1-Jul-20,L,,30-Jun-20,30-Jun-20,,
ACQA-FY20-159,LHA(R),Darren Nelson,Maddie Hale,311,3,PMS 377,100001583905 0008,,BS-837717.3711116,N0002420WX05192,PMS377NSWCPD0022075,SCN,LHA 8 ILS - Logistics Program Support,"$32,000.00 ","$32,000.00 ",22-Jan-20,$0.00 ,$0.00 ,$0.00 ,"$32,000.00 ","$32,000.00 ",30-Apr-20,26-Jun-20,,Incremental Mod,,,,,30-Jun-20,30-Jun-20,,
ACQA-FY20-70,LHA(R),Darren Nelson,Maddie Hale,311,3,PMS 377,100001565892 0008,,BS-837701.03020602010836,N0002420WX02984,PMS377NSWCPD0022293,SCN,LHA 7 ILS - DMSMS Support,"$32,875.00 ","$32,875.00 ",25-Nov-19,$0.00 ,$0.00 ,$0.00 ,"$32,875.00 ","$32,875.00 ",30-Apr-20,30-Jun-20,,MAC DO,,,L,,30-Jun-20,30-Jun-20,,
ACQA-FY20-74,LHA(R),Darren Nelson,Maddie Hale,311,3,PMS 377,100001565895 0008,,BS-837701.03020602010866,N0002420WX02993,PMS377NSWCPD0022296,SCN,LHA 7 ILS - Technical Manual Support,"$22,081.00 ","$22,081.00 ",25-Nov-19,$0.00 ,$0.00 ,$0.00 ,"$22,081.00 ","$22,081.00 ",30-Apr-20,30-Jun-20,,MAC DO,,,L,,30-Jun-20,30-Jun-20,,
ACQA-FY20-76,LHA(R),Darren Nelson,Maddie Hale,311,3,PMS 377,100001565897 0008,,BS-837701.03020602010896,N0002420WX02911,PMS377NSWCPD0022300,SCN,LHA 7 ILS - Signal Flow Diagram Development,"$58,750.00 ","$58,750.00 ",25-Nov-19,,"$51,814.00 ",$0.00 ,"$6,936.00 ","$6,936.00 ",30-Apr-20,30-Jun-20,,MAC DO,,,L,,30-Jun-20,30-Jun-20,,
ACQA-FY20-80,LHA(R),Darren Nelson,Maddie Hale,311,3,PMS 377,100001565899 0008,,BS-837701.03020602010905,N0002420WX03019,PMS377NSWCPD0022302,SCN,LHA 7 ILS - LM2500+ STD Technical Manual,"$60,500.00 ","$60,500.00 ",25-Nov-19,$0.00 ,$0.00 ,$0.00 ,"$60,500.00 ","$60,500.00 ",30-Apr-20,30-Jun-20,,MAC DO,,,L,,30-Jun-20,30-Jun-20,,
ACQA-FY20-92,LHA(R),Darren Nelson,Maddie Hale,311,3,PMS 377,100001581112 0008,,BS-837717.3711156,N0002420WX02667,PMS377NSWCPD0022081,SCN,LHA 8 ILS - Technical Manual Support,"$61,828.00 ","$61,828.00 ",9-Jan-20,$0.00 ,$0.00 ,$0.00 ,"$61,828.00 ","$61,828.00 ",30-Apr-20,30-Jun-20,,MAC DO,,,L,,30-Jun-20,30-Jun-20,,
ACQA-FY20-91,LHA(R),Darren Nelson,Maddie Hale,311,3,PMS 377,,,BS-837717.3711144,N0002420WX05211,PMS377NSWCPD0022080,SCN,LHA 8 ILS - Provisioning Support,"$62,500.00 ","$62,500.00 ",15-Apr-20,$0.00 ,$0.00 ,$0.00 ,"$62,500.00 ","$62,500.00 ",30-Apr-20,15-Jul-20,,MAC DO,,,L,,30-Sep-20,30-Sep-20,,
ACQA-FY20-118,LPD Acq PMS317,Cindi Aponte,Jonathan Britt,523,5,PMS 317,100001598069 0020,,BS- 831716.03153242,N0002420WX07027,LPD 28 SCS SUPPORT OPP,SCN,LPD 28 SCS SUPPORT OPP,"$2,200.00 ","$2,200.00 ",24-Feb-20,$0.00 ,$0.00 ,$0.00 ,"$2,200.00 ","$2,200.00 ",31-Jul-20,20-Jul-20,N00178-04-D-4077 / N6449819F3012,Incremental Mod,,,M,30,20-Jul-20,20-Jun-20,Urgent for August Install onboard LPD 28 in support of HII testing,"Contracts has been contacted, urgent PR request submitted 20200624. TI15 REV 00. Working urgent seaport submission due to sponsor moving install left.
SCC 100001598069 0020"
ACQA-FY20-87,LHA(R),Darren Nelson,Maddie Hale,311,3,PMS 377,,,,,PMS377NSWCPD0022075,SCN,LHA 8 ILS - Logistics Program Support,"$80,000.00 ",,,$0.00 ,,$0.00 ,"$60,000.00 ",$0.00 ,30-Apr-20,22-Jul-20,,MAC DO,"20-R S-071, 20-R S-073",27-Jul-20,L,,30-Sep-20,30-Sep-20,,
ACQA-FY20-89,LHA(R),Darren Nelson,Maddie Hale,311,3,PMS 377,,,,,PMS377NSWCPD0022076,SCN,LHA 8 ILS - PMS Support,"$40,163.00 ",$0.00 ,,$0.00 ,$0.00 ,$0.00 ,$0.00 ,$0.00 ,30-Apr-20,22-Jul-20,,MAC DO,,,L,,30-Sep-20,30-Sep-20,,
ACQA-FY20-147,SEALIFT ACQ PMS 325,Frank Lu,Joseph Picozzi,316,3,PMS 325,100001595298 0030,,BS-832516.1122,N0002420WX07996,,SCN,"YT-808 YARD TUG, SHIPBOARD VALIDATION/ PLANNED MAINTENANCE PROGRAM SUPPORT","$300,000.00 ","$300,000.00 ",,$0.00 ,$0.00 ,$0.00 ,"$300,000.00 ","$300,000.00 ",22-Jul-20,23-Jul-20,,MAC DO,,,L,,21-Aug-20,21-Aug-20,,
ACQA-FY20-149,SEALIFT ACQ PMS-325,Frank Lu,DOUG SWENSON,315,3,PMS 325,100001604398 0020,,BS-832520.14592,N0002420WX09498,,,TAO-205 Diminishing Manufacturing Sources and Material Shortages (DMSMS/OBSOLESCENCE) Support,"$25,000.00 ","$25,000.00 ",,$0.00 ,$0.00 ,$0.00 ,"$25,000.00 ","$25,000.00 ",10-Jul-20,23-Jul-20,,Incremental Mod,,,L,,21-Aug-20,21-Aug-20,,
ACQA-FY20-59,SSC,Nick Lamparelli,Naeemah Abdur Rauf,314,3,PMS 377,100001565896 1008,,BS-837739.2511442,N0002420WX07760,PMS377NSWCPD0023240,SCN,SSC ILS - Technical Manuals Support,"$190,000.00 ","$210,000.00 ",16-Mar-20,$0.00 ,$0.00 ,$0.00 ,"$210,000.00 ","$210,000.00 ",3-Apr-20,27-Jul-20,,MAC DO,,,L,,31-Jul-20,31-Jul-20,,Projected Obligation Date Has Been Revised to 24 July As This Will Be A New TO Under The New Acquisition ILS MAC Which Should Award On 4/23/20. No Risk To The Program As A Result Of The Shift.
ACQA-FY20-100,LPD Acq PMS317,Cindi Aponte,Aakash Mehta,532,5,PMS 317,100001563390 0020,,BS-831716.031400191,N0002420WX03479,LPD 28 OPP eRM,SCN,LPD 28 HYDRA HARDWARE eRM OPP,$0.00 ,$0.00 ,18-Nov-19,$0.00 ,$0.00 ,$0.00 ,$0.00 ,$0.00 ,30-Jul-20,30-Jul-20,,Pullback,,,L,,18-Sep-20,18-Sep-20,"Amount provided was $125K; committed $110,745.00; new line of $14,255.00 was created for balance
PMS317 pulled back $14255 and re-issued as CR for MILSTRIP","2/4/20: MSP procurement was submitted on 1/29/20 with Comptroller's approval. These funds will be used to purchase PDTs. Received verbal from PMS 317 to use DC for MSP purchase, just awaiting email confirmation."
ACQA-FY20-49,LCAC,Nick Lamparelli,Matt Webb,426,4,PMS 377,100001529080 0030,,BS-837020.11131122,N0002420WX00403,PMS377NSWCPD0023841 TSK2.3,20 OMN,LCAC Reduction Gear Support,"$90,000.00 ","$90,000.00 ",18-Mar-20,$0.00 ,$0.00 ,$0.00 ,"$90,000.00 ","$90,000.00 ",29-May-20,31-Jul-20,"N00178-14-D-7895-EHP1, TI-27",Incremental Mod,,,,,24-Aug-20,24-Aug-20,,"Cynthia Pino 4/23/20; This funding is being placed on a Dept 20 contract and TI out of a D/20 branch, and the PR requests and TI were also submitted from a D/20 branch. Since I have no oversight on the contract process, and Dept 40 TPOCs are not executing any part of the process, can you change the code for this UID to your branch?
Nick Lamparelli 4/23/20; We are still working on ACQA-FY20-47; it may be put on the same c/224 contract that ACQA-FY20-49 could be put on. However, that contract has some ceiling and PoP limitations, which is why the funding has not been committed/obligated to date. I would like to leave both codes as listed (c/425 and c/426) as those are the technical codes responsible for the work."
ACQA-FY20-128,LCAC,Nick Lamparelli,Jeff Merlino,425,4,PMS 377,100001529079 0030,,BS-837020.11131122,N0002420WX00403,PMS377NSWCPD0023841 TSK2.2,20 OMN,LCAC Torque Meter Installation Support,"$85,881.56 ","$85,881.56 ",18-Feb-20,$0.00 ,$0.00 ,$0.00 ,"$85,881.56 ","$85,881.56 ",29-May-20,31-Jul-20,N00178-04-D-4010,Incremental Mod,,,,,31-Aug-20,31-Aug-20,,
ACQA-FY20-148,LCAC,Nick Lamparelli,Jeff Merlino,425,4,PMS 377,100001529076 0040,,BS-837020.11131112,N0002420WX00333,PMS377NSWCPD0023841 TSK1.3,20 OMN,LCAC Propulsion OSR Support,"$90,000.00 ","$90,000.00 ",18-Mar-20,$0.00 ,$0.00 ,$0.00 ,"$90,000.00 ","$90,000.00 ",29-May-20,31-Jul-20,"N00178-04-D-4077 EHQ8, TI-40",Incremental Mod,,,,,31-Aug-20,31-Aug-20,,
ACQA-FY20-73,LHA(R),Darren Nelson,Maddie Hale,311,3,PMS 377,,,,,PMS377NSWCPD0022294,SCN,LHA 7 ILS - PMS Support,"$62,500.00 ",$0.00 ,,$0.00 ,$0.00 ,$0.00 ,$0.00 ,$0.00 ,30-Apr-20,31-Jul-20,,MAC DO,,,L,,30-Sep-20,30-Sep-20,,
ACQA-FY20-77,LHA(R),Darren Nelson,Maddie Hale,311,3,PMS 377,,,,,PMS377NSWCPD0022300,SCN,LHA 7 ILS - Signal Flow Diagram Development,"$58,750.00 ",$0.00 ,,$0.00 ,$0.00 ,$0.00 ,$0.00 ,$0.00 ,30-Apr-20,31-Jul-20,,MAC DO,,,L,,30-Sep-20,30-Sep-20,,
ACQA-FY20-83,LHA(R),Darren Nelson,,,,PMS 377,,,,,PMS377NSWCPD0022152,SCN,LHA 7 SSTDD / ISEA / PM Support,"$16,878.00 ",$0.00 ,,$0.00 ,$0.00 ,$0.00 ,$0.00 ,$0.00 ,30-Apr-20,31-Jul-20,,,,,,,30-Sep-20,30-Sep-20,,
ACQA-FY20-95,LHA(R),Darren Nelson,,,,PMS 377,,,,,PMS377NSWCPD0022233,SCN,LHA 8 SSTDD / ISEA / PM Support,"$67,512.00 ",$0.00 ,,$0.00 ,$0.00 ,$0.00 ,$0.00 ,$0.00 ,30-Apr-20,31-Jul-20,,,,,,,30-Sep-20,30-Sep-20,,
ACQA-FY20-42,LPD Acq PMS317,Cindi Aponte,Bryn Stull,311,3,PMS 317,,,BS-831717.031440213342,N0002420WX00288,PMS317NSWCPD0032187 / NSW0500047,SCN,"NEW ACQ ILS PROV SUPPLY SUPT
ACRN AD","$66,000.00 ","$66,000.00 ",,$0.00 ,"$66,000.00 ",$0.00 ,$0.00 ,$0.00 ,30-Apr-20,28-Aug-20,,Incremental Mod,,,L,,18-Sep-20,18-Sep-20,TPS ALLOTED AMOUNT IS $264K; RECEIVED $66K. BALANCE OF $198K REMAINING,
ACQA-FY20-14,LPD Acq PMS317,Cindi Aponte,Christian Diaz,311,3,PMS 317,,,,,PMS317NSWCPD0032299,,ECS ILS PMS DEVEL & SUPT,"$5,000.00 ",$0.00 ,,$0.00 ,$0.00 ,$0.00 ,$0.00 ,$0.00 ,30-Apr-20,30-Sep-20,,Incremental Mod,,,L,,30-Oct-20,30-Oct-20,,
ACQA-FY20-15,LPD Acq PMS317,Cindi Aponte,Christian Diaz,311,3,PMS 317,,,,,PMS317NSWCPD0032295 / NSW0500094,,ECS ILS PROVISIONING DEV & SPRT (LP28AF),"$5,000.00 ",$0.00 ,,$0.00 ,$0.00 ,$0.00 ,$0.00 ,$0.00 ,30-Apr-20,30-Sep-20,,Incremental Mod,,,L,,30-Oct-20,30-Oct-20,,
ACQA-FY20-17,LPD Acq PMS317,Cindi Aponte,Christian Diaz,311,3,PMS 317,,,,,PMS317NSWCPD0032294 / NSW0500093,,SCS ILS PROVISIONING DEVEL & SUPT,"$5,000.00 ",$0.00 ,,$0.00 ,$0.00 ,$0.00 ,$0.00 ,$0.00 ,30-Apr-20,30-Sep-20,,Incremental Mod,,,L,,30-Sep-20,30-Sep-20,,
ACQA-FY20-18,LPD Acq PMS317,Cindi Aponte,Christian Diaz,311,3,PMS 317,,,BS-831717.031440213472,N0002420WX00288,PMS317NSWCPD0032301 / NSW0500068,SCN,SCS ILS TECH MANUAL DEVEL & SUPT,"$15,000.00 ","$15,000.00 ",6-Apr-20,$0.00 ,$0.00 ,$0.00 ,"$15,000.00 ","$15,000.00 ",30-Apr-20,30-Sep-20,N6449820D0006,MAC DO,,,L,,30-Sep-20,30-Sep-20,,
ACQA-FY20-24,LPD Acq PMS317,Cindi Aponte,Bryn Stull,311,3,PMS 317,,,BS-831717.031440213462,N0002420WX00288,PMS317NSWCPD0032192 / NSW0500089,SCN,OBSOLESENCE EMERGENT SOLUTIONS (HM&E),$0.00 ,$0.00 ,20-Apr-20,$0.00 ,$0.00 ,$0.00 ,$0.00 ,$0.00 ,30-Apr-20,30-Sep-20,,Pullback,,,L,,18-Sep-20,18-Sep-20,tps request $100K; received $16K; pullback and re-issued as CR for MILSTRIP,
ACQA-FY20-43,LPD Acq PMS317,Cindi Aponte,Bryn Stull,311,3,PMS 317,,,,,PMS317NSWCPD0032174 / NSW0500043,SCN,"NEW ACQ ILS PMS/TFBR SUPT
ACRN AG","$25,000.00 ",,,$0.00 ,$0.00 ,$0.00 ,$0.00 ,$0.00 ,30-Apr-20,30-Sep-20,,MAC DO,,,L,,18-Sep-20,18-Sep-20,RECEIVED ADDITIONAL $20k WITH REMAINING $25K. TPS ALLOTTED AMOUNT IS $60K; RECEIVED $15K. REMAINING BALANCE IS $45K,
ACQA-FY20-102,LPD Acq PMS317,Cindi Aponte,Griffin Harold,224,2,PMS 317,100001568364 0155,,BS-831720.0111112352,N0002420WX04878,PMS317NSWCPD0032819 / NSW0500087,20 RDTE,FLT II HTS LPD 28,"$16,870.98 ","$16,870.98 ",23-Mar-20,$0.00 ,$0.00 ,$0.00 ,"$16,870.98 ","$16,870.98 ",31-Jul-20,30-Sep-20,,,,,,,30-Sep-20,30-Sep-20,"Total TPS allocation is $5,568,650.00; received $5,075,000 for material procurement. This is the remaining balance of $493,650; remaining DC (6-26-20)",
ACQA-FY20-103,LPD Acq PMS317,Cindi Aponte,Mike Kaminski,516,5,PMS 317,100001576401 0030,,BS?831716.031451,N0002420WX04868,LPD 28 OPP ADCS,SCN,LPD 28 HARDWARE ADCS,"$286,500.00 ","$286,500.00 ",17-Dec-19,$0.00 ,$0.00 ,$0.00 ,"$286,500.00 ","$286,500.00 ",30-Jul-20,30-Sep-20,,,,,L,,18-Sep-20,18-Sep-20,,
ACQA-FY20-104,LPD Acq PMS317,Cindi Aponte,Mike Kaminski,516,5,PMS 317,100001576401 0030,,BS?831716.0314563,N0002420WX04868,LPD 28 OPP ADCS,SCN,LPD 28 Systems Test & Evaluation ADCS,"$40,000.00 ","$40,000.00 ",17-Dec-19,$0.00 ,$0.00 ,$0.00 ,"$40,000.00 ","$40,000.00 ",30-Jul-20,30-Sep-20,,,,,L,,18-Sep-20,18-Sep-20,,
ACQA-FY20-113,LPD Acq PMS317,Cindi Aponte,Emily Housel,334,3,PMS 317,100001565754 0030,,BS-831718.031400121212,N0002420WX03738,LPD 30 OCM OPP,SCN,LPD 30 OCM OPP - GFE - Oil Content Monitor (OCM) Hardware Procurement,"$7,595.00 ","$7,595.00 ",25-Nov-19,$0.00 ,$0.00 ,$0.00 ,"$7,595.00 ","$7,595.00 ",30-Sep-20,30-Sep-20,,Other,,,L,,30-Sep-20,30-Sep-20,Remaining balance from total $64K on OPP,
ACQA-FY20-117,LPD Acq PMS317,Cindi Aponte,Jonathan Britt,523,5,PMS 317,,,BS-831717.03153331,N0002420WX03729,LPD 29 ECDIS OPP GFE,SCN,LPD 29 ECDIS Program Management support,"$18,729.95 ","$18,729.95 ",24-Feb-20,$0.00 ,$0.00 ,$0.00 ,"$18,729.95 ","$18,729.95 ",28-Aug-20,30-Sep-20,,SAP,,,L,120,28-Feb-21,31-Oct-20,,SCC 100001571023 0040
ACQA-FY20-119,LPD Acq PMS317,Cindi Aponte,Jonathan Britt,523,5,PMS 317,100001597284 0020,,BS-831717.03153322,N0002420WX07035,LPD 29 SCS SUPPORT OPP,SCN,LPD 29 SCS SUPPORT OPP,"$170,881.58 ","$170,881.58 ",24-Feb-20,$0.00 ,$0.00 ,$0.00 ,"$170,881.58 ","$170,881.58 ",31-Jul-20,30-Sep-20,,SAP,,,L,180,28-Feb-21,1-Sep-20,,"$110K Rockwell, $37.5K Hexagon, need to evaluate $125K for shipboard spares."
ACQA-FY20-120,LPD Acq PMS317,Cindi Aponte,Jonathan Britt,523,5,PMS 317,100001568152 0020,,BS-831720.0111112342,N0002420WX07542,PMS317NSWCPD0032866 / NAV3403358,20 RDTE,ECS/SCS RMF Development,$0.00 ,$0.00 ,25-Mar-20,$0.00 ,$0.00 ,$0.00 ,$0.00 ,$0.00 ,31-Jul-20,30-Sep-20,,Pullback,,,L,90,30-Sep-20,2-Jul-20,6/24/20: PMS 317 BFM amended ZFD ADD,"Funds to be sent back to sponsor. Information provided to Dept. 20 on 20200609. Due to ceiling issues additional funding can't be accepted until June/July, working with Code 20 and Tom Brady to determine a way forward. Funding provided to Brady 3/25/2020 for obligation."
ACQA-FY20-132,LPD Acq PMS317,Cindi Aponte,Paul Schwegler,335,3,PMS 317,100001595815 0030,,BS- 831718. 03140012212,N0002420WX07025,LPD 30 PWP OPP,SCN,LPD 30 PWP OPP Hardware,"$15,480.00 ","$15,480.00 ",4-Mar-20,$0.00 ,$0.00 ,$0.00 ,"$15,480.00 ","$15,480.00 ",30-Sep-20,30-Sep-20,,Single Award DO,,,L,,31-Dec-20,31-Dec-20,,
ACQA-FY20-134,LPD Acq PMS317,Cindi Aponte,Jeff Young,526,5,PMS 317,,,BS-831718.051132,N0002418WX06857,NAV3402678,19 OPN,LPD 17 Class HM&E Network,"$4,376.53 ","$4,376.53 ",,$0.00 ,"$4,376.53 ",$0.00 ,$0.00 ,$0.00 ,31-Dec-19,30-Sep-20,,MILSTRIP,,,L,,30-Sep-20,30-Sep-20,"Carry in from FY19; total carry in $457,348.62",
ACQA-FY20-144,LPD Acq PMS317,Cindi Aponte,Jeff Young,526,5,PMS 317,,,BS-831718.051132,N0002418WX06857,NAV3402678,19 OPN,LPD 17 Class HM&E Network,"$4,710.83 ","$4,710.83 ",,$0.00 ,"$4,710.83 ",$0.00 ,$0.00 ,$0.00 ,31-Dec-19,30-Sep-20,,Pullback,,,L,,30-Sep-20,30-Sep-20,"Carry in from FY19; total carry in $457,348.62",6/25/20 - Remaining 4.7K is slated for pullback.
ACQA-FY20-156,LPD Acq PMS317,Cindi Aponte,Jonathan Britt,523,5,PMS 317,100001566485 0040,,BS-831719.0111112324,N0002420WX04180,PMS317NSWCPD0032818 / NAV3403151,20 RDTE,Flight II LCU PLC SCS,"$31,721.00 ","$31,721.00 ",22-Nov-19,$0.00 ,$0.00 ,$0.00 ,"$31,721.00 ","$31,721.00 ",30-Apr-20,30-Sep-20,,SAP,,,L,90,15-Nov-20,17-Aug-20,,
ACQA-FY20-26,LPD Acq PMS317,Cindi Aponte,Emily Housel,334,3,PMS 317,100001480642 0020,,BS-831717.0314002012,N0002419WX08429,LPD29 OWS OPP,SCN,LPD 29 - GFE - Oily Water Separator (OWS) Hardware Procurement,$0.00 ,$0.00 ,1-Jul-19,$0.00 ,$0.00 ,$0.00 ,$0.00 ,$0.00 ,31-Dec-19,30-Oct-20,,SAP,,,L,,30-Oct-20,30-Oct-20,"Carry in from FY19; Need to procure gaskets then remaining balance will be pull back
4/28/20 balance of $36,431 has been requested to be returned to PMS 317.
4/29/20 PMS 317 BFM Tanya Vega responded saying she amended ZFD for reduction.","Per TPOC, this was excess funding from our OWS refurbishment task from last year, which was completed. We thought we might need to use some of the money to procure gaskets, but it ended up easier to use the reimbursable funding since it was only about a $500 purchase. We should not need any additional materials procured, so this $36,431 can be returned."
ACQA-FY20-13,LPD Acq PMS317,Cindi Aponte,Griffin Harold,224,2,PMS 317,,,,,LPD 29 HTS OPP,,LPD 29 HTS OPP Material Procurement,"$9,277,880.00 ",$0.00 ,,$0.00 ,$0.00 ,$0.00 ,$0.00 ,$0.00 ,30-Sep-20,,,,,30-Sep-20,,,30-Sep-20,30-Sep-20,,
ACQA-FY20-114,LPD Acq PMS317,Cindi Aponte,Emily Housel,334,3,PMS 317,100001565755 0030,,BS-831718.031400121112,N0002420WX03738,LPD 30 OWS OPP,,LPD 30 OWS OPP - GFE - Oil Water Separator (OWS) Hardware Procurement,"$36,113.00 ","$36,113.00 ",25-Nov-19,$0.00 ,$0.00 ,$0.00 ,"$36,113.00 ","$36,113.00 ",30-Sep-20,,,SAP,,,L,,31-Dec-20,31-Dec-20,OPP ALLOTTED AMOUNT WAS $88K; BALANCE FROM THE $88K,
ACQA-FY20-160,LPD Acq PMS317,Cindi Aponte,Alberto Tecce,411,4,PMS 317,,,BS-831717.031440213342,N0002420WX00288,PMS317NSWCPD0032187,SCN,"HESC VSD Drive Shelf Refurb;
NEW ACQ ILS PROVISIONING SUPPLY SUPT(HM&E) (ACRN AD)","$115,250.00 ","$115,250.00 ",27-May-20,$0.00 ,$0.00 ,$0.00 ,"$115,250.00 ","$115,250.00 ",30-Sep-20,,,,,,,,2-Oct-20,2-Oct-20,,
ACQA-FY20-162,LPD Acq PMS317,Cindi Aponte,Griffin Harold,224,2,PMS 317,100001624511 0010,,BS- BS-831720.0111112162,N0002420WX11384,LPD HTS TM,20 RDTE,Partial Fund for HTS TM (increase),"$23,000.00 ","$23,000.00 ",24-Jun-20,$0.00 ,$0.00 ,$0.00 ,"$23,000.00 ","$23,000.00 ",30-Sep-20,,,,,30-Sep-20,,,30-Sep-20,30-Sep-20,,
